"text","lang_zh","subType","dir"
"from behind","背后视角",视角,
"full body","全身",画面,
"from above","高位视角",视角,
"from side","侧边视角",视角,
"blurry background","多人背景",视角,
"back focus","背后焦点",视角,
"hip focus","臀部焦点",视角,
"facing away","人物面朝远方(背对)",视角,
"profile","侧脸",视角,
"first-person view","第一人称",视角,
"pov","主观视角",视角,
"pov hands","手主观视角",视角,
"pov crotch","胯部主观视角",视角,
"reference sheet","三视图进阶",视角,
"official art","三视图进阶",视角,
"multiple views","多视图",视角,
"out of frame","人物超出框",画面,
"head out of frame","头超出框",画面,
"feet out of frame","足超出框",画面,
"upper body","上半身",画面,
"lower body","下半身",画面,
"cropped torso upper body","躯干下剪裁",画面,
"cropped shoulders","肩下剪裁",画面,
"cropped arms","手臂下剪裁",画面,
"cropped legs","腿下剪裁",画面,
"cowboy shot","牛仔特写",画面,
"portrait","人像",画面,
"close-up","特写",画面,
"selfiemirror","自拍",画面,
"dakimakura","抱枕",画面,
"expressions","表情表",画面,
"dutch angle","斜角镜头",镜头,
"intense angle","强烈镜头",镜头,
"cinematic angle","电影镜头",镜头,
"dramatic angle","戏剧性镜头",镜头,
"dynamic angle","动态镜头",镜头,
"wide shot","远景",镜头,
"perspective","透视",镜头,
"foreshortening","正前缩距",镜头,
"fisheye","鱼眼",镜头,
"upside-down","颠倒",镜头,
"motion blur","运动模糊",镜头,
"depth of field","景深",镜头,
"lens flare","镜头光晕",镜头,
"blurry background","模糊背景",背景,
"simple background","简单背景",背景,
"sunburst background","旭日纹背景",背景,
"gradient background","渐变背景",背景,
"zoom layer","缩放投影图层",背景,
"backlighting","背光",背景,
"drop shadow","投影阴影",背景,
"outline","轮廓线",背景,
"silhouette","剪影",背景,
"space","太空",背景建筑,
"cityscape","城市风景",背景建筑,
"skyscraper","摩天楼",背景建筑,
"ruins","废墟",背景建筑,
"torii","鸟居",背景建筑,
"nature","大自然",背景建筑,
"field","田园",背景建筑,
"ocean","海洋",背景建筑,
"beach","海边",背景建筑,
"lake","湖泊",背景建筑,
"river","河流",背景建筑,
"onsen","温泉",背景建筑,
"starry sky","星空",背景建筑,
"outdoors","室外",背景建筑,
"indoors","室内",背景建筑,
"tatami","塌塌米",背景建筑,
"no humans","无人",背景建筑,
"masterpiece","提取高质量数据",风格,
"highres","高分辨率",风格,
"Unity Creations","统一风格",风格,
"contour deepening","轮廓加深",风格,
"flat color","纯色块",风格,
"monochrome","单色",风格,
"greyscale","灰度",风格,
"high contrast","高对比度度",风格,
"partially colored","部分着色",风格,
"chromatic aberration","色差色失焦",风格,
"comic","漫画",风格,
"capanime screencap","动画截图",风格,
"sketch","素描",风格,
"pixel art","像素风",风格,
"chibi","Q版",风格,
"art nouveau","新艺术运动(慕夏)",风格,
"realistic","现实的",风格,
"retro artstyle","复古风格",风格,
"1980s (style)","1980风格",风格,
"1990s (style)","1990风格",风格,
"megami magazine","女神杂志",风格,
"doujinshi doujin cover","同人志风",风格,
"card games","卡牌风",风格,
"photo (medium)","照片",媒体,
"watercolor (medium)","水彩",媒体,
"oil painting (medium)","油画",媒体,
"colored pencil (medium)","彩色铅笔",媒体,
"graphite (medium)","铅笔画",媒体,
"marker (medium)","马克笔",媒体,
"nib pen (medium)","签字笔",媒体,
"ballpoint pen (medium)","原子笔",媒体,
"acrylic paint (medium)","丙烯颜料",媒体,
"ahoge","呆毛",头发,
"bangs","刘海",头发,
"blunt_bangs","齐刘海",头发,
"curly_hair","卷发",头发,
"drill_hair","钻头卷/公主卷",头发,
"hair_bun","包子头",头发,
"double_bun","包子头(两个)",头发,
"ponytail","马尾",头发,
"short_ponytail","短马尾",头发,
"side_ponytail","侧马尾",头发,
"messy_hair","凌乱发型",头发,
"hime_cut","姬发式",头发,
"payot","长鬓角",头发,
"wavy_hair","波浪发型",头发,
"silver_hair/silver_eyes","银发/银眼",颜色,
"grey_hair/grey_eyes","灰发/灰眼",颜色,
"white_hair/white_eyes","白发/白眼",颜色,
"brown_hair/brown_eyes","棕发/棕眼",颜色,
"black_hair/black_eyes","黑发/黑眼",颜色,
"purple_hair/purple_eyes","紫发/紫眼",颜色,
"red_hair/red_eyes","红发/红眼",颜色,
"blue_hair/blue_eyes","蓝发/蓝眼",颜色,
"green_hair/green_eyes","绿发/绿眼",颜色,
"short_hair","短发",头发,
"long_hair","长发",头发,
"very_long_hair","很长的头发",头发,
"no_nose","没鼻子的",头发,
"fangs","尖牙",头发,
"tongue","舌头",头发,
"saliva","唾液",头发,
"animal_ears","动物耳朵",头发,
"fox_ears","狐狸耳朵",头发,
"bunny_ears","兔耳",头发,
"cat_ears","猫耳",头发,
"dog_ears","狗耳",头发,
"mouse_ears","老鼠耳朵",头发,
"pointy_ears","尖耳",头发,
"looking at viewer","看观众",头部,
"facing viewer","面对观众",头部,
"looking at another","看着另一个",头部,
"looking to the side","看侧边",头部,
"looking away","不看镜头",头部,
"looking back","回头看",头部,
"looking down","往下看",头部,
"looking up","往上看",头部,
"looking afar","遥望",头部,
"staring","盯着",头部,
"eye contact","对视",头部,
"sideways glance","斜视",头部,
"parted lips","开嘴",头部,
"open mouth","开口",头部,
"closed mouth","闭嘴",头部,
"tongue out","吐舌",头部,
"licking lips","舔嘴唇",头部,
"clenched teeth","咬紧牙关",头部,
"smile","微笑",头部,
"grin","露齿笑",头部,
"evil smileevil grin","坏笑",头部,
"smirk","得意笑",头部,
"smug doyagao","自鸣得意",头部,
"troll face","幸灾乐祸",头部,
"seductive smile","诱人的微笑",头部,
"breath","呼吸",头部,
"headpat","摸头",头部,
"crying","哭哭",头部,
"crying with eyes open","张眼哭",头部,
"cheek-to-cheek","脸贴脸",头部,
"arched back","弓背",姿势,
"stretching","拉伸",姿势,
"lying on back","躺着",姿势,
"on stomach","趴着",姿势,
"on side","侧躺",姿势,
"sitting","坐着",姿势,
"wariza","w坐割座",姿势,
"all fours","四肢着地",姿势,
"jack-o' challenge","jack-o",姿势,
"legs over head","双腿过头",姿势,
"fetal position","胎儿姿势",姿势,
"selfie","自拍",姿势,
"looking through legs","通过腿看",姿势,
"outstretched arms","伸出双臂",手,
"outstretched arm","伸出单臂",手,
"outstretched hand","伸出单手",手,
"reaching","伸手触及",手,
"spread arms","张开双臂",手,
"zombie pose","殭尸姿势",手,
"arm up","单抬臂",手,
"arms up","双抬臂",手,
"presenting armpit","展示腋下",手,
"presenting panties","展示内裤",手,
"arms behind head","手臂放头后",手,
"arms behind back","手臂放后面",手,
"hands on hips","双手叉腰",手,
"hand to own mouth","手放嘴上",手,
"hand on own face","手放脸上",手,
"hugging own legs","抱自己的腿",手,
"arm support","手臂支撑",手,
"hand in own hair","拨头发",手,
"hands in hair","双手拨头发",手,
"adjusting hair","调整头发",手,
"tying hair","扎头发",手,
"holding hands","牵手",手,
"interlocked fingers","手指相扣",手,
"own hands clasped","双手相扣",手,
"own hands together","双手相合",手,
"clenched hands","紧握双手",手,
"open hands","张开双手",手,
"spread fingers","张开手指",手,
"handjob gesture","打手枪手势",手,
"between legs","XX夹腿间",腿,
"hand between legs","手夹腿间",腿,
"legs up","抬双腿",腿,
"knees up","膝盖向上",腿,
"knees to chest","膝到胸",腿,
"pigeon-toed","内八",腿,
"m legs","M字腿",腿,
"plantar flexion","足部屈曲",腿,
"presenting foot","展示脚部",腿,
"spread toes","伸展脚趾",腿,
"feet up","脚悬空",腿,
"shiny hair","闪亮头发",头发,
"blonde hair","金发",头发,
"multicolored hair","多色头发",头发,
"split-color hair","分色头发",头发,
"gradient hair","渐变头发",头发,
"streaked hair","条纹头发",头发,
"colored tips","尖端挑染",头发,
"colored inner hair","彩色内毛",头发,
"short hair","短发",头发,
"bowl cut","蘑菇头",头发,
"medium hair","中长发",头发,
"bob cut","妹妹头",头发,
"flipped hair","翘发",头发,
"long hair","长发",头发,
"hime cut","姬切",头发,
"low-tied long hair","低扎长发",头发,
"ponytail","马尾",头发,
"high ponytail","高马尾",头发,
"low ponytail","低马尾",头发,
"side ponytail","侧马尾",头发,
"short ponytail","短马尾",头发,
"front ponytail","前马尾",头发,
"low twintails","低双马尾",头发,
"short twintails","短双马尾",头发,
"braided ponytail","编织马尾辫",头发,
"folded ponytail","折迭马尾辫",头发,
"quad tails","四马尾",头发,
"single braid","单辫",头发,
"low twin braids","低双辫",头发,
"side braid","侧织辫",头发,
"crown braid","冠型织辫",头发,
"french braid","法式辫子",头发,
"dreadlocks","脏辫",头发,
"braided bangs","辫子刘海",头发,
"hair bun","发髻",头发,
"single hair bun","单发髻",头发,
"double bun","双发髻",头发,
"cone hair bun","锥形发髻",头发,
"braided bun","辫子髻",头发,
"doughnut hair bun","甜甜圈发髻",头发,
"heart hair bun","心型发髻",头发,
"curly hair","卷发",头发,
"wavy hair","自然卷",头发,
"drill hair","钻发",头发,
"twin drills","双钻发",头发,
"ringlets","小环管卷发",头发,
"bangs","浏海",头发,
"asymmetrical bangs","不对称浏海",头发,
"blunt bangs","齐浏海",头发,
"hair over eyes","刘海遮眼",头发,
"hair over one eye","刘海遮单眼",头发,
"parted bangs","分开浏海",头发,
"swept bangs","扫浏海",头发,
"hair between eyes","眼间发",头发,
"sidelocks","耳前发",头发,
"single sidelock","单耳前发",头发,
"short hair with long locks","长耳前+短发",头发,
"hair intakes","进气口(M毛)",头发,
"half updo","侧发后梳(公主结)",头发,
"hair pulled back","头发后梳",头发,
"one side up","一侧绑发",头发,
"two side up","双侧绑发",头发,
"multi-tied hair","多绑头发",头发,
"bow-shaped hair","蝴蝶结发",头发,
"topknot","顶绑发",头发,
"messy hair","凌乱头发",头发,
"pointy hair","尖发动耳发",头发,
"hair flaps","毛瓣",头发,
"hair spread out","头发散落",头发,
"ahoge","呆毛",头发,
"antenna hair","天线毛",头发,
"blush","脸红",脸,
"embarrassed","尴尬害羞",脸,
"orgasm","高潮",脸,
"torogao","恍惚放荡",脸,
"drunk","酒醉",脸,
"ahegao","阿嘿颜",脸,
"fucked silly","干到傻",脸,
"naughty face","戏弄调戏脸",脸,
"wince","皱眉蹙眼",脸,
"shaded face","阴暗脸",脸,
"disgust","厌恶",脸,
"annoyed","恼火",脸,
"pout","噘嘴",脸,
"nervous","紧张",脸,
"confused","困惑",脸,
"scared","害怕",脸,
"pain","疼痛",脸,
"screaming","尖叫",脸,
"surprised","惊讶",脸,
"turn pale","脸色苍白",脸,
"sad","悲伤",脸,
"gloom (expression) depressed","忧郁",脸,
"sigh","叹息",脸,
"expressionless","无表情",脸,
"sleepy","想睡的",脸,
"serious","认真",脸,
"frown","皱眉",脸,
"v shaped eyebrows","V字眉",脸,
"furrowed brow raised eyebrows","八字眉",脸,
"raised eyebrow","挑眉",脸,
"short eyebrows","短眉",脸,
"thick eyebrows","浓眉",脸,
"drooling","流口水",脸,
"wavy mouth","波浪嘴",脸,
"teeth","牙齿",脸,
"upper teeth","上牙",脸,
"sharp teeth","鲨鱼牙",脸,
"clenched teeth","咬紧牙关",脸,
"round teeth","圆齿",脸,
"fang","虎牙",脸,
"skin fang","嘴虎牙",脸,
"tongue","舌头",脸,
"lipstick","口红",脸,
"pointy ears","尖耳朵",脸,
"horns","犄角",脸,
"eyes visible through hair","眼透头发",眼,
"bandage over one eye","绷带遮单眼",眼,
"closed eyes","闭眼",眼,
"one eye closed","闭单眼",眼,
"half-closed eyes","半开眼",眼,
"squinting","瞇眼",眼,
"tsurime","吊眼角",眼,
"tareme","下垂眼",眼,
"upturned eyes","上看的眼睛",眼,
"empty eyes","失神眼",眼,
"sanpaku","三白眼",眼,
"jitome","半开平线眼",眼,
"cross-eyed","斗鸡眼的",眼,
"uneven eyes","不对称眼",眼,
"crazy eyes","疯狂眼睛",眼,
"wide-eyed","睁大眼睛",眼,
"glowing eyes","发光眼睛",眼,
"ringed eyes","圈圈眼",眼,
"constricted pupils","收缩的瞳孔",眼,
"slit pupils","猫瞳",眼,
"horizontal pupils","水平瞳孔",眼,
"heart-shaped pupils","爱心瞳",眼,
"symbol-shaped pupils","符号瞳",眼,
"heterochromia","异色瞳",眼,
"no pupils","没有瞳孔",眼,
"bright pupils","发亮瞳孔",眼,
"eyelashes","眼睫毛",眼,
"eyeshadow","眼影",眼,
"eyeliner","眼线",眼,
"bikini","比基尼",衣服,
"string bikini","系绳比基尼",衣服,
"untied bikini","解开比基尼",衣服,
"front-tie bikini top","前系带比基尼上着",衣服,
"swimsuit","泳装",衣服,
"one-piece swimsuit","连体泳衣",衣服,
"school swimsuit","学校泳衣",衣服,
"competition swimsuit","竞赛泳衣",衣服,
"sportswear","运动服",衣服,
"volleyball uniform","排球服",衣服,
"china dress","旗袍",衣服,
"serafuku","水手服",衣服,
"school uniform","校服",衣服,
"buruma","布鲁玛",衣服,
"collared shirt","高领衬衫",衣服,
"leotard","紧身衣",衣服,
"strapless leotard","无肩带紧身衣",衣服,
"highleg leotard","高叉紧身衣",衣服,
"thong leotard","丁字紧身衣",衣服,
"leotard under clothes","衣服下紧身衣",衣服,
"taut clothes","紧身衣服",衣服,
"taut shirt","紧身衬衫",衣服,
"sheer tulle dress","薄纱连衣裙",衣服,
"chiffon dress","雪纺连衣裙",衣服,
"tank top","背心",衣服,
"dress","连身裙",衣服,
"backless dress","露背连身裙",衣服,
"halter dress","绕颈连身裙",衣服,
"sweater dress","毛衣连身裙",衣服,
"backless outfit","露背装",衣服,
"sweater","毛衣",衣服,
"turtleneck sweater","高领毛衣",衣服,
"ribbed sweater","罗纹毛衣",衣服,
"off-shoulder sweater","露肩毛衣",衣服,
"shoulder cutout","肩膀切口",衣服,
"hip vent","臀部切口",衣服,
"heart cutout","心型切口",衣服,
"back cutout","后背切口",衣服,
"underboob cutout","下胸切口",衣服,
"corset","束腹",衣服,
"crop top","小可爱露腹短上衣",衣服,
"skirt","裙子",裙子,
"denim shorts","牛仔短裤",裤子,
"pants","裤子",裤子,
"kneehighs","膝下袜",袜子,
"garter straps garter belt","吊袜带",袜子,
"socks","袜子",袜子,
"toeless legwear","无趾护腿",袜子,
"high heels","高跟鞋",鞋子,
"sneakers","运动鞋",鞋子,
"cross-laced footwear","交叉系带鞋",鞋子,
"boots","靴子",鞋子,
"knee boots","膝下靴",鞋子,
"ankle boots","短靴",鞋子,
"lace-up boots","系带靴",鞋子,
"loafers","乐福鞋",鞋子,
"no shoes","不穿鞋",鞋子,
"gloves","手套",手套,
"elbow gloves","肘部手套",手套,
"paw gloves","猫猫手套",手套,
"fingerless gloves","无指手套",手套,
"sleeves","袖子",手套,
"detached sleeves","分离式袖子",手套,
"wide sleeves","宽袖",手套,
"ribbon-trimmed sleeves","丝带饰边袖子",手套,
"sleeveless","无袖",手套,
"wrist cuffs","手腕袖口",手套,
"bridal gauntlets","婚礼手套",手套,
"rabbit tail","兔尾",配饰,
"suspenders","吊带",配饰,
"scarf","围巾",配饰,
"maid headdress","女仆头饰",配饰,
"belt","腰带",配饰,
"ribbon","丝带",配饰,
"hair ribbon","发带",配饰,
"neck ribbon","颈带",配饰,
"hat ribbon","帽带",配饰,
"thigh strap","大腿带",配饰,
"veil mouth veil","薄纱面纱",配饰,
"bridal veil","婚礼面纱",配饰,
"halo","光环",配饰,
"bell","铃铛",配饰,
"cowbell","牛铃",配饰,
"tassel","流苏",配饰,
"mask","面罩",配饰,
"hair ornament","发饰",配饰,
"hair rings","发环",配饰,
"hair flower","发花",配饰,
"hair bow","蝴蝶结",配饰,
"hair stick","发簪",配饰,
"chest","胸肌",胸部,
"breasts","胸部",胸部,
"flat_chest","贫乳(A",胸部,
"medium_breasts","中等胸部(C",胸部,
"huge_breasts","巨乳(E",胸部,
"gigantic_breasts","魔乳(F",胸部,
"nsfw","？",NSFW,
"ugly","丑",反向关键词,
"vore","丸吞",反向关键词,
"duplicate","重复",反向关键词,
"morbid","病态",反向关键词,
"mutilated","残缺",反向关键词,
"trannsexual","变性",反向关键词,
"hermaphrodite","双性",反向关键词,
"extra fingers","多余的手指",反向关键词,
"fused fingers","融合的手指",反向关键词,
"too many fingers","太多的手指",反向关键词,
"long neck","长脖子",反向关键词,
"mutated hands","变异的手",反向关键词,
"poorly drawn face","画得不好的脸",反向关键词,
"mutation","突变",反向关键词,
"deformed","变形",反向关键词,
"blurry","模糊",反向关键词,
"bad anatomy","坏解剖",反向关键词,
"bad proportions","坏比例",反向关键词,
"malformed limbs","畸形的四肢",反向关键词,
"extra limbs","额外四肢",反向关键词,
"cloned face","克隆脸",反向关键词,
"disfigured","毁容",反向关键词,
"gross proportions","大体比例",反向关键词,
"missing arms","失踪的手臂",反向关键词,
"missing legs","失踪的腿",反向关键词,
"extra arms","多余的手臂",反向关键词,
"extra legs","额外的腿",反向关键词,
"racing suit","赛车服(By KimZuo)",衣服,
"nurse","护士服(By Yao_men)",衣服,
"latex","乳胶紧身衣(By Yao_men)",衣服,
"lab_coat","白大褂(By Yao_men)",衣服,
"black stocking","黑丝(By 你不史蒂夫)",袜子,
"convenience store uniforms","便利店工作服(By 糯米)",衣服,
"summer long skirt","夏日长裙",衣服,
"garter_belt","连腰吊带袜(By 好人)",袜子,
"striped_socks","横条袜(By 好人)",袜子,
"loose_socks","泡泡袜(By 好人)",袜子,
"legwear","裹腿(By 好人)",袜子,
"kneehighs","长袜(By 好人)",袜子,
"business suit","西装",衣服,
"white_hair,red_eyes","白发/红瞳",颜色,
"yukata","浴衣",衣服,
"hood","兜帽",配饰,
"nurse cap","护士帽",配饰,
"crown","皇冠",配饰,
"beret","贝雷帽",配饰,
"hood","兜帽",配饰,
"hairband","发卡",配饰,
"glasses","眼镜",配饰,
"sunglasses","太阳镜",配饰,
"blindfold","眼罩",配饰,
"eyepatch","眼罩(独眼)",配饰,
"earrings","耳环",配饰,
"collar","项圈",配饰,
"sailor collar","水手领",配饰,
"necklace","项链",配饰,
"santa","圣诞装",衣服,
"crossed_legs","二郎腿",姿势,
"church","教堂",背景建筑,
"kneel","跪姿",姿势,
"pink hair","粉发",颜色,
"cinematiclighting","电影光效",画面效果,
"depthoffield","景深",画面效果,
"floating hair","漂浮的头发",头发,
"gothic_lolita","哥特洛丽塔风格",衣服,
"breast hold","托乳",手,
"underpants","内裤",裤子,
"slippers","拖鞋",鞋子,
"barefoot","赤脚",鞋子,
"pink_hair","粉发",颜色,
"mahou shoujo","马猴烧酒风格",衣服,
"white background","白色背景",背景,
"horn","角",头部,
"kneeling&setting on floot","萝莉坐",姿势,
"earrings","耳环",配饰,
"necklace","项链",配饰,
"bowtie","领结",配饰,
"red eyes,write hairs,girl,simle,open legs","白毛",二次元,
"heavy breathing","呼吸急促",头部,
"bare shoulders","裸露的肩膀",姿势,
"Maid dress","女仆装",衣服,
"photorealistic","逼真的",风格,
"sitting on the ground","坐在地上",姿势,
"uwabaki","女式学生鞋",鞋子,
"colorful startrails","五彩斑斓的星轨",背景,
"black suit","西服(black黑)-by bilibili-跑酷",衣服,
"looking at viewer,(from side:1.2),( head tilt:1.65),(leaning_back:1.25)","新房45度(By 姓符的绅士)",视角,
"standing split","一字马",姿势,
"tiara","三重冕",配饰,
"neck ribbon","頸帶",衣服,
"double peace hand","雙V手勢",手,
"white_hair,red_eyes","白发/红瞳",颜色,
"beret","贝雷帽",配饰,
"smile","微笑",脸,
"arms behind back","手臂在背后",姿势,
"doggystyle","狗趴式",姿势,
"fingersmile","用手指做出笑脸",手,
"thick_thighs","粗腿",腿,
"no_bra","无胸罩",衣服,
"{photorealistic}, {painting}, {realistic}, {sketch}, {oil painting}","厚涂",媒体,
"wariza","鸭子坐（女子座）",姿势,
"flowers meadows","繁花草甸",背景建筑,
"gradient eyes","渐变眼",眼,
"cyberpunk","赛博朋克",风格,
"Cherry blossoms","櫻花",背景,
"shooting star","流星",背景,
"conjoined black silk","黑丝连体衣",衣服,
"gouache","水粉",媒体,
"wet gouache","湿画法水粉",媒体,
"Cape hood","兜帽斗篷",衣服,
"leather shoes","皮鞋",鞋子,
"aquagradient eyes","水汪汪的眼睛",眼,
"shop","商店",背景建筑,
"symmetrical","对称",画面,
"Simple pattern background","简单花纹背景",背景,
"beige background","米色背景",背景,
"extremely detailed CG unity 8k wallpaper","高清壁纸",风格,
"one-piece dress","连衣裙",裙子,
"space background","空间背景",背景,
"nun gown","修女服",衣服,
"cityscape","城市背景",背景,
"gray hair purple eyes","灰发紫眼",颜色,
"fountain","喷泉",背景建筑,
"military uniform","军装",衣服,
"hanfu","汉服",衣服,
"beautiful golden eyes","金色的瞳孔",眼,
"bokeh","散景",背景,
"Precise geometry","精确的几何形状",风格,
"torn clothes","破损的衣物",衣服,
"umbrella","伞",配饰,
"trousers with suspenders","吊带裤",裤子,
"Black blue hair","黑蓝色头发",颜色,
"Dark brown hair","深棕色头发",颜色,
"gilt border","镀金边框",画面,
"giant green shark tail","粗尾巴",配饰,
"Large area of cyan Pick dyeing","希尔发色外黑内蓝",颜色,
"crazy angry smile,clenched_teeth","狂气龇牙/坏笑",头部,
"Line art","线稿",风格,
"airport background","机场背景",背景,
"dungeon background","地牢背景",背景,
"beach background","沙滩背景",背景,
"Alps","阿尔卑斯山脉",背景建筑,
"lilac_hair/lilac_eyes","浅紫发/浅紫眼",颜色,
"tarot","塔罗牌风格",风格,
"beauty mark","beauty mark",二次元,
"flying butterfly","飞翔的蝴蝶",背景,
"arms crossed","手交叉于胸前",手,
"wizard hat","巫师帽",配饰,
"straight hair","直发",头发,
"Aestheticism Painting","唯美主义",风格,
"bloomers","灯笼裤",裤子,
"street","街道",背景建筑,
"white_hair/green_eyes","白发/绿眼",颜色,
"grin","露齿笑",脸,
"Isekai cityscape","異世界奇幻城市",背景,
"detailed manga illustration","精细漫画插画",风格,
"black hair","黑发",颜色,
"half body under water","泡温泉",姿势,
"turquoise","青色",颜色,
"cloak","披风",衣服,
"cumulonimbus","积雨云",背景建筑,
"deformed legs","畸形腿",反向关键词,
"top-down_bottom-up","趴着翘臀",姿势,
"blue_eyes","蓝眼",颜色,
"white_windbreaker","白色风衣",衣服,
"bob","鲍勃头（雷姆式）",头发,
"more than 2 knee","一条腿多个膝盖",反向关键词,
"backlight","背光",镜头,
"black_hair/blue_eyes","黑发蓝瞳",颜色,
"chibi","Q版",风格,
"open your legs wide","開腳",姿势,
"batwing","蝙蝠翅膀",配饰,
"wind coat","风衣",衣服,
"detailed background","详细背景",背景,
"crystal pink_hair","宝石粉发",颜色,
"cross necklace","十字架项链",配饰,
"Fireworks","烟花",背景,
"High heeled gift shoes","高跟礼鞋",鞋子,
"girls' frontline","少女前线",二次元,
"cow_bikini","奶牛比基尼",衣服,
"Open-backed sweater","露背毛衣",衣服,
"cyberpunk city","赛博朋克城市",背景建筑,
"on bed","在床上",背景,
"god rays","自上而下的光",画面效果,
"glowing light","荧光",画面效果,
"male focus","男性焦点",视角,
"female focus","女性焦点",视角,
"chinese style architecture","古风建筑",背景建筑,
"tears","眼泪",脸,
"armpits","漏腋",姿势,
"underboob","南半球",胸部,
"fisherman's hat","漁夫帽",配饰,
"backpack","背包",配饰,
"Beard","絡腮鬍",脸,
"mustache","八字鬍",脸,
"goatee","山羊鬚",脸,
"FLIGHT Goggles","飛行員護目鏡",配饰,
"tiaras","抹额（公主冠）（by残阳）",饰品,
"w-sitting on the ground","坐在地上(XWX)",姿势,
"tan line","曬痕",衣服,
"fighting_stance","战斗姿态",姿势,
"picture frame","边框",画面效果,
"sitting on chair","坐在椅子上",姿势,
"sailor dress","水手服",衣服,
"see-through","透明衣服",衣服,
"gym_uniform","运动制服",衣服,
"platinum_hair","白金发色",颜色,
"sandals","凉鞋",鞋子,
"artbook","原画",风格,
"intricate detail","复杂的细节",风格,
"high heeled sandals","高跟凉鞋",鞋子,
"small breastsinds","一个女孩",胸部,
"masterpiece, best quality,highly detailed","李素裳",二次元,
"open  mouth","张嘴",脸,
"lawn","草坪",背景,
"with lightsaber","光剑",配饰,
"forehead","额头",头部,
"wolf ear fluff","狼耳",头发,
"{{{origami art}}}, paper art","折纸艺术",风格,
"{{{paper Figure}}}, origami art, 3d","纸艺风格",风格,
"fate stay night; saber","fate stay night; saber",风格,
"firearms","枪械",配饰,
"summer dress","夏日连衣裙",裙子,
"cinematic angle","电影镜头",视角,
"mouth mask","口罩",配饰,
"headphone","耳机",配饰,
"yoga","瑜伽",姿势,
"thigh gap","绝对空域（大腿三角）",姿势,
"coffee house","咖啡馆",背景,
"poorly drawn asymmetric eyes","眼睛优化",反向关键词,
"right side temple hair","右边侧发",头发,
"left side temple hair","左边侧发",头发,
"temple hairs","双侧发",头发,
"alpine","高山,山脉",背景,
"mutated breasts","畸形的胸部（？",反向关键词,
"boxing gloves","拳击手套",手套,
"tie","领带",配饰,
"evening dress","晚礼服",衣服,
"full dress","礼服",衣服,
"food on face","食物在脸上（by 冬日谎言）",脸,
"twin slut strands","双龙须刘海",头发,
"slut strands","龙须刘海",头发,
"looking up,no pupils,empty eyes,drooling,messy_hair,open  mouth","被催眠的",脸,
"combat suit","战斗服",衣服,
"art of light novel","轻小说插画风",风格,
"See-through Pajamas","See-through Pajamas",裤子,
"horse riding","骑马",姿势,
"streaked hair","挑染",头发,
"turtleneck sweater","高领毛衣",衣服,
"colored sclera","有色巩膜（眼白）",眼,
"round eyes","圆眼",眼,
"cleavage","乳沟",胸部,
"Baseball cap","棒球帽",配饰,
"Knitted hat","针织帽",配饰,
"beautiful detailed sky","漂亮的天空",画面效果,
"beautiful detailed water","漂亮的水",画面效果,
"cinematic angle","电影角度",镜头,
"magazine cover","杂志封面",风格,
"Ink wash painting","水墨",风格,
"poncho","小披风",衣服,
"naval cap","海军帽",配饰,
"jack-o'-lantern","捷克南瓜燈",配饰,
"sunlight","阳光",画面效果,
"ray tracing","光线追踪",画面效果,
"reflection light","反射光",画面效果,
"bob cut","鲍伯头",头发,
"ukiyo-e","浮世繪",风格,
"purple_hair","紫色头发（羽化前）",头发,
"laxet glove","乳胶手套",手套,
"pink_hair","粉色头发（羽化前）",头发,
"orange_hair","橙色头发",头发,
"brown_hair","棕色头发（羽化前）",头发,
"blue_hair","蓝色头发",头发,
"black hair","黑色头发（羽化前）",头发,
"aqua_hair","水蓝色头发（羽化前）",头发,
"white hair","白发",头发,
"no shoe","不穿鞋",鞋子,
"slit pupils","猫眼（竖瞳）",眼,
"casual wear","休闲服(素上衣、牛仔裤)",衣服,
"battlefield","战场",背景,
"heterochromia","异色瞳",眼,
"lab coat","实验袍",衣服,
"tiny tits","贫乳又又又又",胸部,
"flat shading","平面着色",风格,
"colorful","色彩化",风格,
"school_uniform","学校制服",衣服,
"Organza lace","透明硬纱/蕾丝花边",裙子,
"{{splatoon}}","斯普拉遁",风格,
"ukiyo-e","浮世绘",风格,
"vector tracing","矢量追踪",风格,
"colorful","色彩化",风格,
"90's","90年代",风格,
"watercolor","水彩画",风格,
"silhouette","剪影",风格,
"traditional media","传统媒体",风格,
"outline","描边",风格,
"ink and wash painting","水墨画",风格,
"colored pencil drawing","彩铅绘",风格,
"rough sketch","素描草图",风格,
"dakimakura","抱枕",风格,
"anime screencap","动漫截图",风格,
"comic book","漫画书",风格,
"magazine scan","杂志扫图",风格,
"fake screenshot","伪截图",风格,
"character design","角色设定图",风格,
"official art","官方图",风格,
"figure","手办",风格,
"papercraft","纸模",风格,
"voxel art","体素画",风格,
"pixel art","像素画",风格,
"4koma","四格漫画",风格,
"soviet poster","苏维埃海报",风格,
"poster","海报",风格,
"octane render","OC渲染器",风格,
"realistic","写实",风格,
"flat color","平涂/平色",风格,
"flat shading","平面着色",风格,
"screentones","网点",风格,
"Bracelet","手镯",手,
"monochrome","单色画",风格,
"sweet_lolita","甜美可爱的洛丽塔",衣服,
"fishnet top","网纹衣",衣服,
"tabi","日本式短布袜",袜子,
"geta","木屐",鞋子,
"gohei","神社",背景建筑,
"tail","尾巴",配饰,
"military_uniform","军装",衣服,
"from the Side below","侧下",视角,
"Witch dress","魔女风格服",衣服,
"Miko clothing","巫女服",衣服,
"crotchless panties","无裆内裤",衣服,
"Vaporwave","蒸汽波",风格,
"flat color","平涂",风格,
"cane","手杖",配饰,
"red moon","红月,血月",背景,
"sharp focus","锐聚焦",视角,
"Cold-weather mask","口罩",配饰,
"broom","扫把",配饰,
"headband","额前的发带",配饰,
"Cyberpunk","赛博朋克",风格,
"overcoat","大衣",衣服,
"Wings with sun gears","太阳齿轮翅膀(大量齿轮,翅膀更多更乱,效果意外不错",配饰,
"Orange hair","橙色头发",头发,
"meticulous painting","工笔画（比起素描感觉更适合ink）",媒体,
"sideboob","侧乳",胸部,
"clear face,expressionless","面无表情",脸,
"incredibly_absurdres","超高分辨率出图",画面,
"hand on cortch","掰开",手,
"masterpiece","杰作",画面效果,
"Extra ears","额外的耳朵(针对兽耳)",反向关键词,
"Bustling city","繁华都市",背景建筑,
"science fiction","科幻风格",风格,
"tachie","立绘",风格,
"farm","农场",背景,
"metrosexuality","都市型美男子",脸,
"wet clothes","湿润的衣服",衣服,
"High heeled boots","高跟长筒靴",鞋子,
"cabbie_hat","报童帽",配饰,
"puffy sleeves","蓬松的大袖子",手套,
"half-closed eyes","半闭眼",眼,
"robe","长袍",衣服,
"trench_coat","战壕风衣",衣服,
"pointe shoes","芭蕾舞足尖鞋",鞋子,
"black pantyhose","黑色裤袜",袜子,
"strapless tank top, navel cutout","抹胸",衣服,
"ray tracing","光线追踪",画面,
"laboratory","实验室",背景建筑,
"parka","派克大衣",衣服,
"formal dress","礼服",衣服,
"mary_janes","玛丽珍鞋（猪腰子鞋）",鞋子,
"coffee house","咖啡馆",背景建筑,
"lolita_fashion","洛丽塔风格",衣服,
"latex gloves","乳胶手套",手套,
"no underwear","无内衣",衣服,
"Silver hair","银发",颜色,
"Yu-Gi-Oh,kazuki takahashi","游戏王",风格,
"purple eyes","紫眼",颜色,
"serafuku,shorts,kneehighs,leather shoes","水手服正太",二次元,
"blur_background","背景虚化",背景,
"chromatic aberration","色差(类似于抖音的logo那种)",画面效果,
"Xiao Qingyi Single ponytail cheongsam black","少女",二次元,
"grey_messy_long_hair","灰色杂乱长发",头发,
"Skin made of water","水做的肌肤（碧蓝水色的皮肤颜色）",颜色,
"The wheel of fire","火焰之轮（附着火焰的法轮？）",配饰,
"striped panties","条纹内裤",裤子,
"Dirndl","紧身连衣裙",裙子,
"Chestnut_hair","栗子色头发",头发,
"walk","行走",姿势,
"rain","雨",背景,
"dormitory","宿舍",背景建筑,
"gym","健身房",背景建筑,
"kitchen","厨房",背景建筑,
"temple","寺庙",背景建筑,
"museum","博物馆",背景建筑,
"library","图书馆",背景建筑,
"prison","监狱",背景建筑,
"engine room","轮机舱",背景建筑,
"electrical room","配电房",背景建筑,
"server room","服务器机房",背景建筑,
"hanfu","汉服",衣服,
"wire","电线",配饰,
"electricity","电流",背景,
"antenna hair clips","天线头饰（类似于碧蓝航线中绫波的头饰）",配饰,
"blue sky with clouds","蓝天白云",背景,
"grassland","草地",背景,
"handrail","栏杆",背景建筑,
"crescent","新月",背景,
"book","书",配饰,
"laptop","笔记本电脑",配饰,
"cafe","咖啡馆",背景,
"neon lights","霓虹灯",背景建筑,
"snowfield","雪地",背景,
"street lamp","路灯",背景建筑,
"road","道路",背景建筑,
"snowflakes","雪花",背景,
"sailor dress","水手裙",衣服,
"earmuffs","御寒耳罩",配饰,
"aurora","极光",背景,
"pockets","口袋",配饰,
"buttons","纽扣",配饰,
"mittens","连指手套",手套,
"zentai","紧身连体衣",衣服,
"hair_flower","发花",配饰,
"leather jacket","皮衣",衣服,
"bulletproof_vest","防弹衣",衣服,
"spider web print","蛛网纹路",衣服,
"shanty town/slum","贫民窟",背景建筑,
"hidden hands","隐藏手",手,
"hair between eyes","两眼之间的头发",头发,
"naughty_face","下流的表情",脸,
"Split head","中分头",头发,
"floating white feathers","漂浮的白色羽毛",背景,
"glinting stars","闪烁的星星",背景,
"platform boots","厚底高跟靴",鞋子,
"more abdominal muscle","增加腹肌",胸部,
"pair of horns","一对角",头部,
"basement","地下室",背景建筑,
"sweet_lolita","sweet_lolita",衣服,
"shibari","束缚",配饰,
"lace-trimmed_gloves","蕾丝边手套",手套,
"casqueete","鸭舌帽",配饰,
"starry sky,clusters of stars","繁星",背景,
"long wavy curly hair","长长的卷发",头发,
"aqua_hair","水色头发（浅蓝）",颜色,
"ahoge","呆毛",饰品,
"Dreamy forest","梦幻之森(虚幻感.光粒子幽静)",背景建筑,
"ink splashing","墨水溅",风格,
"barefoot","裸足",腿,
"violet","紫罗兰",背景,
"wariza","鸭子坐",姿势,
"no_panties","没有内裤",裤子,
"heart-shaped_pupils","爱心瞳孔",眼,
"heterochromia blue red","异色瞳",眼,
"Ushanka","苏联毛帽",配饰,
"white long hair,suit,pistol,black stockings,red eyes","白毛红瞳黑丝",二次元,
"art room","美术室",背景建筑,
"warehouse","仓库",背景建筑,
"one side up hair","披肩单马尾",头发,
"two side up hair","披肩双马尾",头发,
"blonde_hair/blue_eyes","金发/蓝眼",颜色,
"floating sakura","散落樱花",背景,
"thighhighs_on_one_leg","过膝袜（单侧）",袜子,
"pocket watch pendant","怀表",配饰,
"starry sky,clusters of stars,starry sky,glinting stars","星空",背景,
"updo hair","团子头(和风)",头发,
"torn clothes","撕裂的衣服",衣服,
"red_eyes","红眼",颜色,
"Long skirt","长裙",裙子,
"high saturation","高饱和度",镜头,
"fox_ears,anklet,chest, more abdominal muscle","狐狸",二次元,
"gold trim","金边修饰效果",画面效果,
"less clothes","无",衣服,
"latex","乳胶衣",衣服,
"dark-skinned_female","黑皮（女性）",颜色,
"red Soviet","苏联红军",画面,
"lens 135mm,f1.8","聚焦人物镜头",镜头,
"pixiv id","p站风格",风格,
"pleated skirt,heterochromia, ukiyo-e,poncho","萌萌",画面,
"tawny eyes/tawny hair","茶色瞳/发",颜色,
"red eyes","红眼",颜色,
"Chinese style,One-piece swimsuit,Clothes with gold patterns","中式死库水（辉木）",衣服,
"Zentangle (medium)","禅绕",媒体,
"blonde_hair/yellow_eyes","金发/金眼",颜色,
"tentacle_sex","触手play",NSFW,
"grey_hair","灰发",颜色,
"Rainboots","雨靴",鞋子,
"Raincoat","雨衣",衣服,
"Rainskirt","雨裙",裙子,
"Wear eyes,Long haired handsome man","戴眼镜的长发帅哥",二次元,
"gothic architecture","哥特式建筑",背景建筑,
"shushing","“嘘”手势",手,
"red_hair","红发",颜色,
"white_hair/blue_eyes","白发/蓝眼",颜色,
"white_hair","白发",颜色,
"lying","躺着",姿势,
"jeans","牛仔裤",裤子,
"snow","雪 by czz",背景,
"Girl pink hair pink eyes cute","小奈",二次元,
"best quality,highly detailed,masterpiece,ultra-detailed,{photorealistic}","御姐",二次元,
"insertionExtreme expansionstomach protrusion,azur lane,infant,kemono","漏内裤幼女",二次元,
"tentacle_under_clothes","衣服底下的触手",NSFW,
"Mai Shiranui","不知火舞",衣服,
"loli red","魅魔萝莉",头发,
"girl,yellow cloth,glass,short hair,black hair","认真讨论的女记者",二次元,
"cyberpunk, city, kowloon, rain","赛博朋克",背景,
"green hair","绿发",头发,
"girl,cat ears,Succubus,boobs,wife,sorcerer","魔法师魅魔",二次元,
"wedge heels","坡跟鞋",鞋子,
"strappy heels","有带子的高跟鞋",鞋子,
"pair of horns,sideways glance,staring,Skirt lift,torn_thighhighs,medium_breasts","小魅魔",二次元,
"grayscale","灰度图",风格,
"pajamas","睡衣",衣服,
"street wear","街头风格服饰",衣服,
"[see-through:evening dress:0.3]","透明晚礼服 by czz",衣服,
"illustration","插图",风格,
"loli,one girl,domineering lady, nun","修女",衣服,
"clock_background","时钟背景",背景建筑,
"kemomimi","兽耳",头部,
"white_hair/blonde_eyes","白发/蓝瞳",颜色,
"bathrobe","浴袍",衣服,
"armor","铠甲",衣服,
"bathing","浴室",背景建筑,
"coat","外套",衣服,
"poorly drawn hands","画得不好的手",反向关键词,
"light smile","微笑",脸,
"insertionExtreme expansionstomach protrusion,azur lane,infant,kemono,naked","漏内裤幼女",二次元,
"hoodie","连帽衫(带帽卫衣)",衣服,
"sweatshirt","圆领卫衣",衣服,
"white_hair red_eyes long_hair chemise leggings caramelldansen","白毛御姐",二次元,
"white_hair/blue_ey","白发/蓝眼",颜色,
"loli,white hair,girl,blue eye","白发",头发,
"big ass","大屁股",腿,
"flower_crown","花环",饰品,
"girl on top","正骑乘",姿势,
"small_breasts","贫乳",胸部,
"blue and white striped bikini","蓝白条纹比基尼",衣服,
"striped_thighhighs","条纹过膝袜",袜子,
"black_thighhighs","黑色过膝袜",袜子,
"white_thighhighs","白色过膝袜",袜子,
"Tactical bulletproof vest","防弹背心",配饰,
"armlet","臂环/臂章",配饰,
"combat boots","战术靴",鞋子,
"head chain, jewelry","头链 (参考Wlop风铃公主的头饰,成功率低)",配饰,
"beautiful detailed eyes","精细的眼睛",眼,
"tied up(nonsexual)","捆绑（非黄）",配饰,
"pray","祈祷",姿势,
"restaurant","饭店",背景建筑,
"treehouse","树屋",背景建筑,
"veil","头纱",配饰,
"Cassock","神父/修生黑袍",衣服,
"white stocking","white stocking",袜子,
"power armor","动力甲",衣服,
"modern,Europe","法兰西",背景建筑,
"singing sang.","唱歌",脸,
"seamed legwear","接缝裤袜",袜子,
"thighhighs","过膝袜",袜子,
"thighband pantyhose","绑腿连裤袜",袜子,
"(miko thighhighs)","巫女袜",袜子,
"cheongsam","旗袍（效果好）",衣服,
"soaked","浸湿（如果有内衣会透的更明显）",衣服,
"knees together","双腿并拢",腿,
"tail insertion,infant,kemono,pornography,china dress,nsfw","旗袍萝莉",NSFW,
"from the Side below Black silk","侧下",视角,
"choker","贴颈项链",配饰,
"dungarees","工装",衣服,
"skindentation","绝对领域勒肉版",腿,
"loli","黑丝",袜子,
"Minamoto no Raikou,Thights,fanbox,footjob,purple bodysuit,leg lift","源赖光妈妈",二次元,
"turtleneck,ribbed sweater,see-through,wet clothes,covered nipples","透明毛衣/湿的毛衣",NSFW,
"1girl,military uniform,white gloves,flat chest,long hair,white shirt","军装少女",二次元,
"glaive","阔剑/弯刀/飞刀",配饰,
"Witch_hat","女巫帽",配饰,
"forest","森林",背景,
"uneven twintails","不对称双马尾",头发,
"bra visible through clothes","透过衣服能看到胸罩",衣服,
"lace-trimmed bra","蕾丝边胸罩",衣服,
"bow panties","蝴蝶结胖次",裤子,
"indian clothes,chinese clothes,Cleopatra","一些风格服饰",衣服,
"cut-in","插入画面",画面,
"Belly Dancer","肚皮舞者",衣服,
"straw hat","草帽",饰品,
"fundoshi","兜裆布",裤子,
"hair_bow","蝴蝶结发饰",配饰,
"capelet","斗篷",配饰,
"gem","宝石",饰品,
"chinese clothes,china dress","中国的衣服裙子",衣服,
"backlighting,side_ponytail,soviet poster,wind coat,looking away,walk","风衣大姐",二次元,
"Black hair, black eyes,sailor suit,eyeshade","日本女高中生",二次元,
"strapless dress","无肩带礼服",裙子,
"conjoined white silk","连体白丝",衣服,
"lact-trimmed","蕾丝的,后面加东西就行",袜子,
"Industrial wind, Chinese architecture","工业化古建筑",背景建筑,
"overall view","全景",镜头,
"green_hair","绿发",头发,
"silver_hair/cyan_eyes","银发/青眼",颜色,
"see-through serafuku","透明水手服",衣服,
"num clothes","修女服",衣服,
"ass visible through thighs","屁股通过大腿可见",腿,
"highleg swimsuit","高叉泳衣",衣服,
"revealing dress","礼服长裙",衣服,
"{rough sketch}","草稿风",风格,
"heterochromia golden red","异色瞳",眼,
"licking","舔",脸,
"top-down bottom-up","翘PP",姿势,
"shackles","脚铐",鞋子,
"rabbit ears","兔子耳朵",头发,
"sea","海水",背景,
"jk face leg","黑丝jk",腿,
"Loong, dragon background, loong background","龙背景",风格,
"bandage","绷带",配饰,
"huddle, clasp knees","抱膝",姿势,
"hospital gown","病号服",衣服,
"starry sky","星空",背景,
"cameltoe","骆驼趾/骆驼肌(紧身效果)",裤子,
"straight-on","正面面对",视角,
"missing toes","丢失的脚趾",反向关键词,
"princess carry","公主抱",姿势,
"Han Chinese Clothing","汉服",裙子,
"ahoge,messy_hair,black_hair/black_eyes,school uniform,papilla","月下水上白丝小女孩（负）（种子274538177）",二次元,
"Cyan eyes","青色眼瞳",眼,
"White clothes","白色衣服",衣服,
"building,rain,neon lights,cumulonimbus,moon","雨中都市",背景,
"building_ruins","建筑废墟",背景建筑,
"tiny_chest","无乳",胸部,
"holding umbrella","拿着伞",手,
"Greek clothes","希腊服饰",衣服,
"blonde_hair","金发",颜色,
"pubic tattoo","淫纹",NSFW,
"bouncing breasts","弹跳的乃子",NSFW,
"naked overalls","棵体背带裤",NSFW,
"mountain","山脉",背景建筑,
"super hugeness breasts","爆乳",胸部,
"Denim suspenders","吊带牛仔裤",裤子,
"bedroom","卧室",背景建筑,
"leotards","紧身连衣裤",衣服,
"V-NECK SWEATER VEST","V领针织毛衣（无袖背心）",衣服,
"phoenix eye","丹凤眼",眼,
"Pumpkin skirt","南瓜裙",衣服,
"halloween_costume","万圣节服装",衣服,
"soft shell coat","软壳外套",衣服,
"stirrup legwear","踩脚袜,马镫裤",袜子,
"tail between legs","尾巴夹腿间",腿,
"tan","日烧色（晒黑）",颜色,
"tanlines","日烧痕迹（晒黑线）",颜色,
"bat_wing","蝙蝠翅膀",配饰,
"minimalist-lines","极简线条",风格,
"aqua_eyes","水色眼睛（浅蓝）",颜色,
"lovely","学校",背景,
"gagged","口球",配饰,
"twin_braids","双辫子",头发,
"sagging_breasts","下垂的乳房",胸部,
"puffy areolae","臃肿蓬松的乳晕",胸部,
"two-tone hair","两色头发",头发,
"Lie on your side","侧躺着",姿势,
"platform heel ((thigh boots))","厚底带跟过膝长靴",腿,
"underwear","内衣",衣服,
"microskirt","微型短裙",裙子,
"groping","抚摸",姿势,
"baseball_cap","棒球帽",配饰,
"areola_slip","从衣服边露出乳晕",胸部,
"clothes_lift","撩起衣服",姿势,
"closed eyes","闭眼",眼,
"classroom","教室",背景建筑,
"exoskeleton","外骨骼",衣服,
"cold attitude","冷淡的表情（可能需要与负面词cold搭配使用）",脸,
"leggings","紧身裤",裤子,
"frock","罩衫",衣服,
"naked apron","棵体围裙",NSFW,
"black pleated skirt","黑百褶裙",裙子,
"handcuffs","手铐",手套,
"pantyhose","裤袜",袜子,
"Taoist robe","道袍",衣服,
"Tactical gloves","战术手套",手套,
"Samurai Sword","武士刀",配饰,
"To reveal the forehead","露额头（没有刘海）",头发,
"short sleeves","短袖",手套,
"Oilpaper umbrella","油纸伞",配饰,
"navel piercing","脐钉",配饰,
"wand,magic","法杖",配饰,
"Army overcoat","军大衣",衣服,
"Tenebrism","暗色调",风格,
"frillded shirt","荷叶边衬衫",衣服,
"white sailor dress","水手服",衣服,
"white panties","白色的内裤",裤子,
"indian style","盘腿坐",姿势,
"Exoskeleton Mecha","外骨骼机甲",衣服,
"stairs","楼梯",背景建筑,
"pregnant","怀孕",NSFW,
"Conceptual art of futuristic yin-yang swordsmen","未来+阴阳 概念",风格,
"mosaic","拼接款",衣服,
"dynamic pose","动态姿势",姿势,
"pink_eyes","粉色眼睛",颜色,
"salute","敬礼",姿势,
"knees together feet apart","双膝并拢脚分开",腿,
"three sided view","三视图",视角,
"Battle Robe","战袍",衣服,
"sexy lingerie","性感内衣",衣服,
"floral headwear","鲜花头饰",饰品,
"fox mask","狐狸面具",配饰,
"rope tied up","捆绑（绳子）",NSFW,
"mechanical clothes","机械服装",衣服,
"Dynamic hair","动态头发",头发,
"Glazed pupils","琉璃瞳孔",眼,
"[Battle Robe:Exoskeleton Mecha:0.3]","机械战甲",衣服,
"Put your hands in your pockets","把手放在口袋里",手,
"slim legs","细腿",腿,
"lace-trimmed panties","蕾丝边胖次",裤子,
"cropped shoulders","露肩",衣服,
"vibrator","跳蛋",配饰,
"nun clothes","修女服",衣服,
"latex glove","乳胶手套",手套,
"raindrop","雨滴（效果极好）",背景,
"armored dress","盔甲裙",裙子,
"High heeled evening shoes","高跟礼鞋",鞋子,
"medal","勋章",饰品,
"red flag","红旗",饰品,
"capelet","披肩",配饰,
"Standing collar long windbreaker","长袖运动服（直译为立领长风衣）",衣服,
"sleeveless shirt","无袖衬衫",衣服,
"stained glass","（教堂的）彩绘玻璃",背景建筑,
"suspender skirt","吊带裙",裙子,
"chin","托腮",手,
"layered skirt","【补档】分层群",裙子,
"firefly","萤火虫",背景,
"petals floating in the wind","飘散的花瓣",背景,
"thong","丁字裤",裤子,
"thigh boots","过膝长靴",鞋子,
"legs apart","双腿分开",腿,
"leg up","抬腿",腿,
"prostrate, lie flat","平趴着",姿势,
"nightgown","睡衣",衣服,
"concept art","三视图进阶",视角,
"leg ring","腿环",饰品,
"magic stck","魔法棒",饰品,
"antlers","鹿角",头部,
"navel","露脐",衣服,
"Medium score","中分",头发,
"clockbackground","时钟背景",背景建筑,
"building architecture","建筑物",背景建筑,
"office lady suit","OL套装",衣服,
"tail insertion","尾巴插入（臀部出现尾巴）",配饰,
"heterochromia golden green","异色瞳",眼,
"standing","站立",姿势,
"Steampunk","蒸汽朋克风",风格,
"bodysuit","紧身连体衣",衣服,
"Skirt lift","提裙",姿势,
"miniskirt","迷你裙",裙子,
"firework","烟花",背景,
"line art","线条艺术",风格,
"Flip-flops","人字拖",鞋子,
"smug","洋洋得意",脸,
"shorts","短裤",裤子,
"Soccer team jersey","足球球衣",衣服,
"hot underware","情趣内衣",衣服,
"Guitar","吉它",配饰,
"pink_thighhighs","粉色过膝袜(By 好人)",袜子,
"ribbon-trimmed_legwear","边缘系带的日式袜子",袜子,
"pantyhose pull","拉下裤袜",袜子,
"Bunny Girl","兔女郎",衣服,
"wolf ears","狼耳",配饰,
"apron","围裙",裙子,
"hairclip","发夹",配饰,
"twin braids","双麻花辫",头发,
"lace-trimmed","蕾丝的,后面加东西就行",袜子,
"green_eyes","绿眼",颜色,
"squatting","蹲着",姿势,
"east asian architecture","东亚建物",背景建筑,
"beautiful_face","精致脸庞",脸,
"twintails","双马尾",头发,
"sitting on car","坐在车上",姿势,
"upturned nipples","爆乳",胸部,
"unbuttoned clothes","半露前胸（拉开衣效果）",胸部,
"Put hands around shoulders","双手抱肩",姿势,
"white hair,loli,swimsuit","白毛泳装萝莉",二次元,
"japanese_clothes","和服",衣服,
"crossed legs","双腿交叉",腿,
"unbuttoned clothes","武士裤",裤子,
"braid","麻花辫",头发,
"Red Plaid Shirts","红格衬衫",衣服,
"student training wear","体操服",衣服,
"white stocking","白丝(By 你不史蒂夫)",袜子,
"high helled low knee boots","高跟膝下靴",鞋子,
"zun hat","zun帽",配饰,
"fishnet pantyhose","网裤袜",袜子,
"elbow_gloves","长袖手套",手套,
"plaid skirt","格子裙",裙子,
"gill support","托腮",姿势,
"greco-roman architecture","西罗马建筑",背景建筑,
"spread legs","张开腿",姿势,
"green_thighhighs","绿色过膝",袜子,
"wings","翅膀",配饰,
"open-chest sweater","开胸毛衣",衣服,
"necktie","领带",配饰,
"micro bikini","微小比基尼",衣服,
"side-tie bikini bottom","侧系带比基尼下着",衣服,
"reverse bunny suit","逆兔女郎",衣服,
"lolita fasion","现代洛丽塔",裙子,
"wedding_dress","1婚纱",衣服,
"(magic hat)","魔法帽",配饰,
"anklet","脚环",腿,
"side-tie_panties","侧系带内裤",裤子,
"raincoat","雨衣",衣服,
"Military officer dress","军礼服",衣服,
"wedding dress","婚纱",裙子,
"pettiskirt","蓬蓬裙",裙子,
"waist apron","腰围裙",裙子,
"white ankle socks","白色短袜",袜子,
"detail fingers","精细手指",手,
"Christmas Hat","圣诞帽",配饰,
"christmas tree","圣诞树",背景建筑,
"lolita gothic","哥特式洛丽塔",裙子,
"bracelet","手链",配饰,
"bangle","手镯",配饰,
"high-waist pants","高腰裤 （低腰修改为low）",裤子,
"Space suit","宇航服（配合科幻标签）",衣服,
"christmas hat","圣诞帽",配饰,
"bodystocking","连身袜",袜子,
"sports bra","运动胸罩",衣服,
"skirt_lift","掀裙子",姿势,
"Black storm jacket","黑色冲锋衣",衣服,
"straddling","跨坐",姿势,
"Bare thigh","裸露的大腿",腿,
"torn_thighhighs","损坏了的过膝袜",腿,
"Long sleeve","长袖",手套,
"Open mouth indicating flustered","慌乱嘴型(也是艾草的嘴型)",脸,
"bareheaded","光头",头发,
"Clear picture","清晰的图片",画面效果,
"chinese clothes+leotard","中式旗袍死库水",裙子,
"rolling eyes","翻白眼",眼,
"upturned nipples","突出的乳头",胸部,
"papilla","乳首",胸部,
"Suit collar double-breasted coat","西装领双排扣大衣",衣服,
"cyan_eyes","青眼",颜色,
"French kiss, proper kiss","舌吻",姿势,
"silver_eyes","银眼",颜色,
"kimono","和服",衣服,
"nontraditional miko","改造巫女服",衣服,
"A rock with runes","符文宝石",配饰,
"pleated skirt","百褶裙",裙子,
"musical_notes","音符/五线谱",饰品,
"pencil skirt","铅笔裙",裙子,
"butterfly","蝴蝶",饰品,
"white pantyhose","白裤袜",袜子,
"long gloves","长手套",手套,
"white skirt","白色连衣裙",裙子,
"gauntlets","金属手套",手套,
"ass focus","pp焦点",视角,
"low-waist pants","高腰裤 （低腰修改为low）",裤子,
"large_breasts","趴着翘臀",姿势,
"slime dress","史莱姆装",衣服,
"sheath dress","包臀裙",裙子,
"cheerleading","啦啦隊",衣服,
"Light gauze wide sleeve skirt","轻纱广袖裙",裙子,
"nipple piercing","乳钉",胸部,
"red shorts","红色短裤",裤子,
"pleated dress","带褶连衣裙",裙子,
"skindentation","绝对领域勒肉版",腿,
"yoga pants","瑜伽裤",裤子,
"night dress","睡裙",裙子,
"off-shoulder dress","露肩连衣裙",裙子,
"open toe high","露趾高跟鞋",鞋子,
"foot focus","足部焦点",视角,
"from below","低位视角",视角,
"from below breast naked loli","低位视角",视角,
"red_scarf","红围巾",配饰,
"stiletto heels","细高跟",鞋子,
"censored choker","审查的项链",饰品,
"garter","腿环",配饰,
"jumper skirt","背心裙",裙子,
"petticoat","衬裙",裙子,
"halterdress","绕颈裙",裙子,
"sitting on bed","坐在床上",姿势,
"peaked cap","鸭舌帽",配饰,
"bent over","弯腰",姿势,
